<?xml version="1.0" encoding="UTF-8"?>
<project-private xmlns="http://www.netbeans.org/ns/project-private/1">
    <editor-bookmarks xmlns="http://www.netbeans.org/ns/editor-bookmarks/2" lastBookmarkId="0"/>
    <open-files xmlns="http://www.netbeans.org/ns/projectui-open-files/2">
        <group>
            <file>file:/C:/Users/APRENDIZ/Downloads/QrAssist1.4-20230614T122923Z-001/QrAssist1.4/web/actualizarActividadAprendizaje.jsp</file>
            <file>file:/C:/Users/APRENDIZ/Downloads/QrAssist1.4-20230614T122923Z-001/QrAssist1.4/src/java/ModeloVo/actividadAprendizajeVo.java</file>
            <file>file:/C:/Users/APRENDIZ/Downloads/QrAssist1.4-20230614T122923Z-001/QrAssist1.4/src/java/ModeloDao/actividadAprendizajeDao.java</file>
            <file>file:/C:/Users/APRENDIZ/Downloads/QrAssist1.4-20230614T122923Z-001/QrAssist1.4/src/java/Controlador/actividadAprendizajeControlador.java</file>
            <file>file:/C:/Users/APRENDIZ/Downloads/QrAssist1.4-20230614T122923Z-001/QrAssist1.4/web/consultarActividadAprendizaje.jsp</file>
        </group>
    </open-files>
</project-private>
